{
  "project_info": {
    "project_number": "59748529377",
    "project_id": "mis-l3",
    "storage_bucket": "mis-l3.firebasestorage.app"
  },
  "client": [
    {
      "client_info": {
        "mobilesdk_app_id": "1:59748529377:android:d89dacd31b263727d1b3a0",
        "android_client_info": {
          "package_name": "com.example.app"
        }
      },
      "oauth_client": [],
      "api_key": [
        {
          "current_key": "AIzaSyBHFdlYk2xU1IQosBOGmvWUjv8uKbPnvAA"
        }
      ],
      "services": {
        "appinvite_service": {
          "other_platform_oauth_client": []
        }
      }
    },
    {
      "client_info": {
        "mobilesdk_app_id": "1:59748529377:android:6654cb7e573891abd1b3a0",
        "android_client_info": {
          "package_name": "com.example.mis_l3"
        }
      },
      "oauth_client": [],
      "api_key": [
        {
          "current_key": "AIzaSyBHFdlYk2xU1IQosBOGmvWUjv8uKbPnvAA"
        }
      ],
      "services": {
        "appinvite_service": {
          "other_platform_oauth_client": []
        }
      }
    }
  ],
  "configuration_version": "1"
}